Lead ID,Business Name,Category,City,Phone,Email,Address,Website,Website Status,Lead Score,Lead Tier,Qualification Reason,Demo URL,Demo Status,Email Message,WhatsApp Message,Approval Status,Email Status,WhatsApp Status,First Contacted At,Last Contacted At,Status,Source,Created At,Updated At,Error
c28a3aad66743c37,Retro Bistro : The Fine Multi Cuisine Restaurant ( Vadodara ),Fine dining restaurant,Vadodara,+91 89800 88877,,"SF-204, The Emerald, Race Course Rd, near Chakli Circle, Paris Nagar, Diwalipura, Vadodara, Gujarat 390007, India",http://www.retrobistro.in/,VALID_WEBSITE,40,LOW,"Valid Website (+0), Has Phone (+15), Target Category 'Fine dining restaurant' (+10), Rating 4.3⭐ w/ 3109 reviews (+15)",,,,,APPROVED,NOT_SENT,NOT_SENT,,,APPROVED,https://serpapi.com/search.json?engine=google_maps&google_domain=google.com&hl=en&place_id=ChIJ40A0V6PIXzkR1MziRFGtiX8,2026-08-20T15:11:35.079822+00:00,2026-08-21T02:26:49.192376+00:00,
e0a34d5c7b37b7af,Spice Kraft Restaurant,North Indian restaurant,Vadodara,+91 90993 63116,,"FF 106, 107, 108, Golden Icon, Chakli Cir, opposite BSNL Offices & BroadBand Customer Service, Chikuwadi, Haripura, Vadodara, Gujarat 390007, India",https://www.spicekraftva.com/?srsltid=AfmBOooMN75NDPxv7U3Gc6rSLGLdEqgJR_D5dhWMrazgHyi-XNmLkoje,VALID_WEBSITE,40,LOW,"Valid Website (+0), Has Phone (+15), Target Category 'North Indian restaurant' (+10), Rating 4.2⭐ w/ 875 reviews (+15)",,,,,APPROVED,NOT_SENT,NOT_SENT,,,APPROVED,https://serpapi.com/search.json?engine=google_maps&google_domain=google.com&hl=en&place_id=ChIJXRQu9srJXzkRWJcuuLNrqYw,2026-08-20T15:11:34.837354+00:00,2026-08-21T02:27:04.155453+00:00,
bd79265bc11a2076,Le Prive World Cuisine,Fine dining restaurant,Vadodara,+91 88888 56568,,"First Floor, 17/B, opposite Reliance Fresh, Nutan Bharat Society, Alkapuri, Vadodara, Gujarat 390007, India",https://www.district.in/dining/vadodara/le-priv%C3%A9-alkapuri?srsltid=AfmBOooyJd6oAoQ7c1IdZW3-tARIDlMQ8Y_PArI3Pe9l1a1QkPzBbqTW,VALID_WEBSITE,40,LOW,"Valid Website (+0), Has Phone (+15), Target Category 'Fine dining restaurant' (+10), Rating 4.5⭐ w/ 2703 reviews (+15)",,,,,PENDING,NOT_SENT,NOT_SENT,,,VERIFIED,https://serpapi.com/search.json?engine=google_maps&google_domain=google.com&hl=en&place_id=ChIJdyWSXLfIXzkRVM4xqIYnm10,2026-08-20T15:11:34.571420+00:00,2026-08-20T15:12:03.315366+00:00,
7e4a9eebc8aa118e,The Secret Kitchen,Modern Indian restaurant,Vadodara,+91 98257 78778,,"2nd Floor The Emrald Complex No.201-203 Race Course Road, Near, Chakli Cir, Vadodara, Gujarat 390007, India",https://www.thesecretkitchen.co/,,85,HOT,,,,"Subject: Website concept for The Secret Kitchen

Hi The Secret Kitchen team,

I came across The Secret Kitchen in Vadodara. Upgrading your web experience can help turn online searches into loyal customers.

Here is a quick concept preview: {DEMO_URL}

Would you be free for a 2-minute chat this week?

Best regards,
Abhishek",Hi The Secret Kitchen team! Following up on the website preview I shared earlier (None). Did you get a chance to take a look? Would love to answer any quick questions!,PENDING_APPROVAL,NOT_SENT,NOT_SENT,,,PENDING_APPROVAL,https://serpapi.com/search.json?engine=google_maps&google_domain=google.com&hl=en&place_id=ChIJaVqpUKPIXzkRkBSUFL0StCw,2026-08-20T11:56:59.516753+00:00,2026-08-20T15:11:36.953362+00:00,
0ca595bef939d3e5,812 CE Urban Restaurant,Restaurant,Vadodara,+91 63589 23528,,"Block B, Courtyard By Marriott, Sarabhai Campus, Alembic Rd, near Genda Circle, Subhanpura, Vadodara, Gujarat 390023, India",https://www.marriott.com/en-us/hotels/bdqcc-courtyard-vadodara/dining/,,85,HOT,,http://localhost:8000/preview/812-ce-urban-restaurant-vadodara,READY,"Subject: Website concept for 812 CE Urban Restaurant

Hi 812 CE Urban Restaurant team,

I came across 812 CE Urban Restaurant in Vadodara. Upgrading your web experience can help turn online searches into loyal customers.

Here is a quick concept preview: http://localhost:8000/preview/812-ce-urban-restaurant-vadodara

Would you be free for a 2-minute chat this week?

Best regards,
Abhishek",Hi 812 CE Urban Restaurant team! Following up on the website preview I shared earlier (http://localhost:8000/preview/812-ce-urban-restaurant-vadodara). Did you get a chance to take a look? Would love to answer any quick questions!,PENDING_APPROVAL,NOT_SENT,NOT_SENT,,,PENDING_APPROVAL,https://serpapi.com/search.json?engine=google_maps&google_domain=google.com&hl=en&place_id=ChIJbyB62aHJXzkRYh9gI4-E3-M,2026-08-20T11:56:59.476477+00:00,2026-08-20T15:11:37.462691+00:00,
e16b2d756d34adcf,"Taste Carnival - (Banquet, Rooms, Restaurant)",Indian restaurant,Vadodara,+91 73835 30110,,"linde engg, Taste Carnival, besides oppsite HP petrol pump, Vasna Bhayli Main Rd, near Nilamber Circle, Vadodara, Gujarat 390007, India",,,65,WARM,,http://localhost:8000/preview/taste-carnival-banquet-rooms-restaurant-vadodara,READY,"Subject: Website concept for Taste Carnival - (Banquet, Rooms, Restaurant)

Hi Taste Carnival - (Banquet, Rooms, Restaurant) team,

I came across Taste Carnival - (Banquet, Rooms, Restaurant) in Vadodara. Upgrading your web experience can help turn online searches into loyal customers.

Here is a quick concept preview: http://localhost:8000/preview/taste-carnival-banquet-rooms-restaurant-vadodara

Would you be free for a 2-minute chat this week?

Best regards,
Abhishek","Hi Taste Carnival - (Banquet, Rooms, Restaurant) team! Following up on the website preview I shared earlier (http://localhost:8000/preview/taste-carnival-banquet-rooms-restaurant-vadodara). Did you get a chance to take a look? Would love to answer any quick questions!",PENDING_APPROVAL,NOT_SENT,NOT_SENT,,,PENDING_APPROVAL,https://serpapi.com/search.json?engine=google_maps&google_domain=google.com&hl=en&place_id=ChIJ51-DfwDJXzkRbwZMc45X_u0,2026-08-20T11:56:58.777113+00:00,2026-08-20T15:11:37.709724+00:00,
f4e41a0abb19c94a,The Morsel Restaurant,North Indian restaurant,Vadodara,+91 75750 77957,,"1st Floor, 105, The Emerald, Near Chakli Circle, Race Course Rd, Vadodara, Gujarat 390007, India",http://www.themorsel.in/,,85,HOT,,http://localhost:8000/preview/the-morsel-restaurant-vadodara,READY,"Subject: Website concept for The Morsel Restaurant

Hi The Morsel Restaurant team,

I came across The Morsel Restaurant in Vadodara. Upgrading your web experience can help turn online searches into loyal customers.

Here is a quick concept preview: http://localhost:8000/preview/the-morsel-restaurant-vadodara

Would you be free for a 2-minute chat this week?

Best regards,
Abhishek",Hi The Morsel Restaurant team! Following up on the website preview I shared earlier (http://localhost:8000/preview/the-morsel-restaurant-vadodara). Did you get a chance to take a look? Would love to answer any quick questions!,PENDING_APPROVAL,NOT_SENT,NOT_SENT,,,PENDING_APPROVAL,https://serpapi.com/search.json?engine=google_maps&google_domain=google.com&hl=en&place_id=ChIJR0ZyprnIXzkRGNaSBrZ8oV8,2026-08-20T11:56:57.868256+00:00,2026-08-20T15:11:37.893380+00:00,
8cf133b9b979b650,Peshawri by Welcomhotel Vadodara,Mughlai restaurant,Vadodara,+91 265 667 7045,,"Welcomhotel by ITC Hotels, RC Dutt Rd, Alkapuri, Vadodara, Gujarat 390007, India",https://www.itchotels.in/hotels/vadodara/welcomhotelvadodara/dining/peshawri.html?utm_source=google&utm_medium=local-result&utm_term=peshawri&utm_campaign=listing,,85,HOT,,http://localhost:8000/preview/peshawri-by-welcomhotel-vadodara-vadodara,READY,"Subject: Website concept for Peshawri by Welcomhotel Vadodara

Hi Peshawri by Welcomhotel Vadodara team,

I came across Peshawri by Welcomhotel Vadodara in Vadodara. Upgrading your web experience can help turn online searches into loyal customers.

Here is a quick concept preview: http://localhost:8000/preview/peshawri-by-welcomhotel-vadodara-vadodara

Would you be free for a 2-minute chat this week?

Best regards,
Abhishek",Hi Peshawri by Welcomhotel Vadodara team! Following up on the website preview I shared earlier (http://localhost:8000/preview/peshawri-by-welcomhotel-vadodara-vadodara). Did you get a chance to take a look? Would love to answer any quick questions!,PENDING_APPROVAL,NOT_SENT,NOT_SENT,,,PENDING_APPROVAL,https://serpapi.com/search.json?engine=google_maps&google_domain=google.com&hl=en&place_id=ChIJzRzER7DIXzkRXL7GcTtUeac,2026-08-20T11:56:57.306776+00:00,2026-08-20T15:11:38.091156+00:00,
eb8e2ccce04c54f7,Bangalore Dental & General Polyclinic,Dental clinic,Benglore,+91 98211 44764,,"Plot No. 221 RHB Colony, opposite ganesha temple, Garudachar Palya, Mahadevapura, Bengaluru, Karnataka 560048, India",https://www.practo.com/bangalore/clinic/bangalore-dental-general-polyclinic-rhb-colony,VALID_WEBSITE,40,LOW,"Valid Website (+0), Has Phone (+15), Target Category 'Dental clinic' (+10), Rating 4.9⭐ w/ 1210 reviews (+15)",http://localhost:8000/preview/bangalore-dental-general-polyclinic-benglore,READY,"Subject: Website concept for Bangalore Dental & General Polyclinic

Hi Bangalore Dental & General Polyclinic team,

I came across Bangalore Dental & General Polyclinic in Benglore. Upgrading your web experience can help turn online searches into loyal customers.

Here is a quick concept preview: http://localhost:8000/preview/bangalore-dental-general-polyclinic-benglore

Would you be free for a 2-minute chat this week?

Best regards,
Abhishek",Hi Bangalore Dental & General Polyclinic team! Following up on the website preview I shared earlier (http://localhost:8000/preview/bangalore-dental-general-polyclinic-benglore). Did you get a chance to take a look? Would love to answer any quick questions!,PENDING_APPROVAL,NOT_SENT,NOT_SENT,,,PENDING_APPROVAL,https://serpapi.com/search.json?engine=google_maps&google_domain=google.com&hl=en&place_id=ChIJEWW9o28RrjsR0ZX_O_TZLng,2026-08-20T11:47:11.645100+00:00,2026-08-20T12:16:55.978732+00:00,
d49ac489f35e5e31,Sky Dental Clinic,Dental clinic,Benglore,+91 93532 48386,,"618, 80 Feet Rd, near maharaja signal, 4th Block, Koramangala, Bengaluru, Karnataka 560034, India",https://skydentalbengaluru.zoca.com/?utm_source=googlemaps&utm_medium=googlemaps&utm_campaign=googlemaps,VALID_WEBSITE,40,LOW,"Valid Website (+0), Has Phone (+15), Target Category 'Dental clinic' (+10), Rating 4.9⭐ w/ 840 reviews (+15)",http://localhost:8000/preview/sky-dental-clinic-benglore,READY,"Subject: Website concept for Sky Dental Clinic

Hi Sky Dental Clinic team,

I came across Sky Dental Clinic in Benglore. Upgrading your web experience can help turn online searches into loyal customers.

Here is a quick concept preview: http://localhost:8000/preview/sky-dental-clinic-benglore

Would you be free for a 2-minute chat this week?

Best regards,
Abhishek",Hi Sky Dental Clinic team! Following up on the website preview I shared earlier (http://localhost:8000/preview/sky-dental-clinic-benglore). Did you get a chance to take a look? Would love to answer any quick questions!,PENDING_APPROVAL,NOT_SENT,NOT_SENT,,,PENDING_APPROVAL,https://serpapi.com/search.json?engine=google_maps&google_domain=google.com&hl=en&place_id=ChIJwerOvKsVrjsRqlNNpJ9M1wg,2026-08-20T11:47:11.618897+00:00,2026-08-20T12:16:54.357808+00:00,
e16777287a5a6ce9,Amaya Dental Clinic - Dental Clinic in Vasant Nagar,Dental clinic,Benglore,+91 95918 95500,,"1st Floor, 8/1, Palace Cross Rd, Vasanth Nagar, Bengaluru, Karnataka 560052, India",https://www.amayadental.in/,VALID_WEBSITE,85,HOT,,http://localhost:8000/preview/amaya-dental-clinic-dental-clinic-in-vasant-nagar-benglore,READY,"Subject: Website concept for Amaya Dental Clinic - Dental Clinic in Vasant Nagar

Hi Amaya Dental Clinic - Dental Clinic in Vasant Nagar team,

I came across Amaya Dental Clinic - Dental Clinic in Vasant Nagar in Benglore. Upgrading your web experience can help turn online searches into loyal customers.

Here is a quick concept preview: http://localhost:8000/preview/amaya-dental-clinic-dental-clinic-in-vasant-nagar-benglore

Would you be free for a 2-minute chat this week?

Best regards,
Abhishek",Hi Amaya Dental Clinic - Dental Clinic in Vasant Nagar team! Following up on the website preview I shared earlier (http://localhost:8000/preview/amaya-dental-clinic-dental-clinic-in-vasant-nagar-benglore). Did you get a chance to take a look? Would love to answer any quick questions!,PENDING_APPROVAL,NOT_SENT,NOT_SENT,,,PENDING_APPROVAL,https://serpapi.com/search.json?engine=google_maps&google_domain=google.com&hl=en&place_id=ChIJw1Im__UXrjsRMWgdbqEuQ_0,2026-08-20T11:47:11.600377+00:00,2026-08-20T12:16:52.360019+00:00,
a6a3d511f7185b0f,Beyond Smiles Dental Clinic,Dental clinic,Benglore,+91 76248 65553,,"285, 6th Cross Rd, near Indiranagar, Binnamangala, Hoysala Nagar, Indiranagar, Bengaluru, Karnataka 560038, India",https://beyondsmiles.co.in/,VALID_WEBSITE,85,HOT,,http://localhost:8000/preview/beyond-smiles-dental-clinic-benglore,READY,"Subject: Website concept for Beyond Smiles Dental Clinic

Hi Beyond Smiles Dental Clinic team,

I came across Beyond Smiles Dental Clinic in Benglore. Upgrading your web experience can help turn online searches into loyal customers.

Here is a quick concept preview: http://localhost:8000/preview/beyond-smiles-dental-clinic-benglore

Would you be free for a 2-minute chat this week?

Best regards,
Abhishek",Hi Beyond Smiles Dental Clinic team! Following up on the website preview I shared earlier (http://localhost:8000/preview/beyond-smiles-dental-clinic-benglore). Did you get a chance to take a look? Would love to answer any quick questions!,PENDING_APPROVAL,NOT_SENT,NOT_SENT,,,PENDING_APPROVAL,https://serpapi.com/search.json?engine=google_maps&google_domain=google.com&hl=en&place_id=ChIJaZLG0boWrjsRokhkYKNfiwY,2026-08-20T11:47:11.584451+00:00,2026-08-20T12:16:50.596673+00:00,
776742b47ab04426,All Care Dental Centre Indiranagar,Dental clinic,Benglore,+91 98450 79479,,"545, Stage 1, Indiranagar, Bengaluru, Karnataka 560038, India",http://www.allcaredentalcentre.in/,VALID_WEBSITE,85,HOT,,http://localhost:8000/preview/all-care-dental-centre-indiranagar-benglore,READY,"Subject: Website concept for All Care Dental Centre Indiranagar

Hi All Care Dental Centre Indiranagar team,

I came across All Care Dental Centre Indiranagar in Benglore. Upgrading your web experience can help turn online searches into loyal customers.

Here is a quick concept preview: http://localhost:8000/preview/all-care-dental-centre-indiranagar-benglore

Would you be free for a 2-minute chat this week?

Best regards,
Abhishek",Hi All Care Dental Centre Indiranagar team! Following up on the website preview I shared earlier (http://localhost:8000/preview/all-care-dental-centre-indiranagar-benglore). Did you get a chance to take a look? Would love to answer any quick questions!,PENDING_APPROVAL,NOT_SENT,NOT_SENT,,,PENDING_APPROVAL,https://serpapi.com/search.json?engine=google_maps&google_domain=google.com&hl=en&place_id=ChIJC_TbgqQWrjsRwlmGhlltCHU,2026-08-20T11:47:11.565579+00:00,2026-08-20T12:16:49.069378+00:00,
bb25fb5aea854d8b,Dental Solutions,Dental clinic,Benglore,+91 63643 12444,,"1st Floor, 498, 15th Cross Road, 2nd Stage, Indira Nagar II Stage, Hoysala Nagar, Indiranagar, Bengaluru, Karnataka 560038, India",https://www.dentalsolutionsclinic.com/,VALID_WEBSITE,85,HOT,,http://localhost:8000/preview/dental-solutions-benglore,READY,"Subject: Website concept for Dental Solutions

Hi Dental Solutions team,

I came across Dental Solutions in Benglore. Upgrading your web experience can help turn online searches into loyal customers.

Here is a quick concept preview: http://localhost:8000/preview/dental-solutions-benglore

Would you be free for a 2-minute chat this week?

Best regards,
Abhishek",Hi Dental Solutions team! Following up on the website preview I shared earlier (http://localhost:8000/preview/dental-solutions-benglore). Did you get a chance to take a look? Would love to answer any quick questions!,PENDING_APPROVAL,NOT_SENT,NOT_SENT,,,PENDING_APPROVAL,https://serpapi.com/search.json?engine=google_maps&google_domain=google.com&hl=en&place_id=ChIJIV6iNkEXrjsRPWC1kID-Suw,2026-08-20T11:47:11.545040+00:00,2026-08-20T12:16:47.396760+00:00,
7764232319f169a7,"House Of Dentistry™️- Sadashivanagar, Bangalore | Invisalign Provider",Dental clinic,Benglore,+91 94499 35053,,"Lower Palace Orchards, 80, 8th Cross Rd, M V Block, Sadashiva Nagar, Malleshwaram, Bengaluru, Karnataka 560080, India",http://www.houseofdentistry.in/,VALID_WEBSITE,85,HOT,,http://localhost:8000/preview/house-of-dentistry-sadashivanagar-bangalore-invisalign-provider-benglore,READY,"Subject: Website concept for House Of Dentistry™️- Sadashivanagar, Bangalore | Invisalign Provider

Hi House Of Dentistry™️- Sadashivanagar, Bangalore | Invisalign Provider team,

I came across House Of Dentistry™️- Sadashivanagar, Bangalore | Invisalign Provider in Benglore. Upgrading your web experience can help turn online searches into loyal customers.

Here is a quick concept preview: http://localhost:8000/preview/house-of-dentistry-sadashivanagar-bangalore-invisalign-provider-benglore

Would you be free for a 2-minute chat this week?

Best regards,
Abhishek","Hi House Of Dentistry™️- Sadashivanagar, Bangalore | Invisalign Provider team! Following up on the website preview I shared earlier (http://localhost:8000/preview/house-of-dentistry-sadashivanagar-bangalore-invisalign-provider-benglore). Did you get a chance to take a look? Would love to answer any quick questions!",PENDING_APPROVAL,NOT_SENT,NOT_SENT,,,PENDING_APPROVAL,https://serpapi.com/search.json?engine=google_maps&google_domain=google.com&hl=en&place_id=ChIJ6cg41gUXrjsRr0DWa88Nm8g,2026-08-20T11:47:11.513865+00:00,2026-08-20T12:16:45.673890+00:00,
d368417425bcae97,Excel Dental Care,Dental clinic,Benglore,+91 94831 51643,,"884, 19th main, 39th Cross Rd, 4th T Block East, Jayanagar, Bengaluru, Karnataka 560041, India",https://www.exceldentalcare.in/,VALID_WEBSITE,85,HOT,,http://localhost:8000/preview/excel-dental-care-benglore,READY,"Subject: Website concept for Excel Dental Care

Hi Excel Dental Care team,

I came across Excel Dental Care in Benglore. Upgrading your web experience can help turn online searches into loyal customers.

Here is a quick concept preview: http://localhost:8000/preview/excel-dental-care-benglore

Would you be free for a 2-minute chat this week?

Best regards,
Abhishek",Hi Excel Dental Care team! Following up on the website preview I shared earlier (http://localhost:8000/preview/excel-dental-care-benglore). Did you get a chance to take a look? Would love to answer any quick questions!,PENDING_APPROVAL,NOT_SENT,NOT_SENT,,,PENDING_APPROVAL,https://serpapi.com/search.json?engine=google_maps&google_domain=google.com&hl=en&place_id=ChIJCaZVGQoVrjsR0ubGFaP0ZzA,2026-08-20T11:47:11.491203+00:00,2026-08-20T12:16:44.009001+00:00,
9c92880be2221b43,"Bangalore Dental Specialists Dental Clinic, Dentist HSR Layout - Single Visit Root Canal & Dental Implant Center",Dental clinic,Benglore,+91 89567 81555,,"No 1656, Building, 27th Main Rd, above Ramraj, Parangi Palaya, Sector 2, HSR Layout, Bengaluru, Karnataka 560102, India",https://www.bangaloredentalspecialists.com/?utm_source=gmb&utm_medium=website-link,VALID_WEBSITE,85,HOT,,http://localhost:8000/preview/bangalore-dental-specialists-dental-clinic-dentist-hsr-layout-single-visit-root-canal-dental-implant-center-benglore,READY,"Subject: Website concept for Bangalore Dental Specialists Dental Clinic, Dentist HSR Layout - Single Visit Root Canal & Dental Implant Center

Hi Bangalore Dental Specialists Dental Clinic, Dentist HSR Layout - Single Visit Root Canal & Dental Implant Center team,

I came across Bangalore Dental Specialists Dental Clinic, Dentist HSR Layout - Single Visit Root Canal & Dental Implant Center in Benglore. Upgrading your web experience can help turn online searches into loyal customers.

Here is a quick concept preview: http://localhost:8000/preview/bangalore-dental-specialists-dental-clinic-dentist-hsr-layout-single-visit-root-canal-dental-implant-center-benglore

Would you be free for a 2-minute chat this week?

Best regards,
Abhishek","Hi Bangalore Dental Specialists Dental Clinic, Dentist HSR Layout - Single Visit Root Canal & Dental Implant Center team! Following up on the website preview I shared earlier (http://localhost:8000/preview/bangalore-dental-specialists-dental-clinic-dentist-hsr-layout-single-visit-root-canal-dental-implant-center-benglore). Did you get a chance to take a look? Would love to answer any quick questions!",PENDING_APPROVAL,NOT_SENT,NOT_SENT,,,PENDING_APPROVAL,https://serpapi.com/search.json?engine=google_maps&google_domain=google.com&hl=en&place_id=ChIJLYWHHScVrjsReU4za8ehJik,2026-08-20T11:47:11.458709+00:00,2026-08-20T12:16:42.349811+00:00,
74556e1eeb14b0ee,Chisel Dental Clinic,Dental clinic,Benglore,+91 99721 17009,,"18, 1st Main Rd, opposite Ambur Biryani, Near Wipro Park, 1st Block Koramangala, Koramangala, Bengaluru, Karnataka 560034, India",https://www.chiseldental.co.in/,VALID_WEBSITE,85,HOT,,http://localhost:8000/preview/chisel-dental-clinic-benglore,READY,"Subject: Website concept for Chisel Dental Clinic

Hi Chisel Dental Clinic team,

I came across Chisel Dental Clinic in Benglore. Upgrading your web experience can help turn online searches into loyal customers.

Here is a quick concept preview: http://localhost:8000/preview/chisel-dental-clinic-benglore

Would you be free for a 2-minute chat this week?

Best regards,
Abhishek",Hi Chisel Dental Clinic team! Following up on the website preview I shared earlier (http://localhost:8000/preview/chisel-dental-clinic-benglore). Did you get a chance to take a look? Would love to answer any quick questions!,PENDING_APPROVAL,NOT_SENT,NOT_SENT,,,PENDING_APPROVAL,https://serpapi.com/search.json?engine=google_maps&google_domain=google.com&hl=en&place_id=ChIJLbIzZEIUrjsRxhv4C43ru9I,2026-08-20T11:47:10.943931+00:00,2026-08-20T12:16:40.041564+00:00,
bad_lead_999,Corrupted Lead Sample,,Vadodara,,,,https://www.google.com/goto?url=CAESYwHuR6pN_XdOLQ0ogcYuoMPQnAEPYVvSh9AcBsPAQYH3mOmM6czo1eY70k8BgcgheAKwCs3U7KP9ssp03rDCkGjSZKLAr7T7ps9E5QdQ9pcVdDzwPvAcHNSS80NrS5Kxkkrb_Q==,SOCIAL_ONLY,20,LOW,Social Only (+30),http://localhost:8000/preview/corrupted-lead-sample-vadodara,READY,"Subject: Quick thought for Corrupted Lead Sample

Hi Corrupted Lead Sample team,

Loved seeing your updates on Instagram! A dedicated website could help customers find you faster and book directly.

I designed a clean website preview tailored for Corrupted Lead Sample: http://localhost:8000/preview/corrupted-lead-sample-vadodara

Could we connect for 2 minutes this week?

Best regards,
Abhishek",Hi Corrupted Lead Sample team! Following up on the website preview I shared earlier (http://localhost:8000/preview/corrupted-lead-sample-vadodara). Did you get a chance to take a look? Would love to answer any quick questions!,PENDING_APPROVAL,NOT_SENT,NOT_SENT,,,PENDING_APPROVAL,,2026-08-20T11:12:21.219242+00:00,2026-08-20T15:11:38.423014+00:00,
37b5cf859f9d73bb,Test Business 2 (Fails 429),,Vadodara,+919876543211,,,,,20,LOW,Has Phone (+15),http://localhost:8000/preview/test-business-2-fails-429-vadodara,READY,"Subject: Website concept for Test Business 2 (Fails 429)

Hi Test Business 2 (Fails 429) team,

I came across Test Business 2 (Fails 429) in Vadodara. Upgrading your web experience can help turn online searches into loyal customers.

Here is a quick concept preview: http://localhost:8000/preview/test-business-2-fails-429-vadodara

Would you be free for a 2-minute chat this week?

Best regards,
Abhishek",Hi Test Business 2 (Fails 429) team! Following up on the website preview I shared earlier (http://localhost:8000/preview/test-business-2-fails-429-vadodara). Did you get a chance to take a look? Would love to answer any quick questions!,PENDING_APPROVAL,NOT_SENT,NOT_SENT,,,PENDING_APPROVAL,,2026-08-20T11:12:20.836142+00:00,2026-08-20T15:11:38.660061+00:00,
63ef520757e5ced5,Test Business 3,,Vadodara,+919876543212,,,,,20,LOW,,http://localhost:8000/preview/test-business-3-vadodara,READY,"Subject: Website concept for Test Business 3

Hi Test Business 3 team,

I came across Test Business 3 in Vadodara. Upgrading your web experience can help turn online searches into loyal customers.

Here is a quick concept preview: http://localhost:8000/preview/test-business-3-vadodara

Would you be free for a 2-minute chat this week?

Best regards,
Abhishek",Hi Test Business 3 team! Following up on the website preview I shared earlier (http://localhost:8000/preview/test-business-3-vadodara). Did you get a chance to take a look? Would love to answer any quick questions!,PENDING_APPROVAL,NOT_SENT,NOT_SENT,,,DUPLICATE,,2026-08-20T11:12:20.836142+00:00,2026-08-20T15:11:38.828657+00:00,Duplicate of 'Test Business 1' (ID: b7c1c374d320a88c) - Reason: High name similarity (93.33%) in same city (Vadodara)
b7c1c374d320a88c,Test Business 1,,Vadodara,+919876543210,,,,,20,LOW,,http://localhost:8000/preview/test-business-1-vadodara,READY,"Subject: Website concept for Test Business 1

Hi Test Business 1 team,

I came across Test Business 1 in Vadodara. Upgrading your web experience can help turn online searches into loyal customers.

Here is a quick concept preview: http://localhost:8000/preview/test-business-1-vadodara

Would you be free for a 2-minute chat this week?

Best regards,
Abhishek",Hi Test Business 1 team! Following up on the website preview I shared earlier (http://localhost:8000/preview/test-business-1-vadodara). Did you get a chance to take a look? Would love to answer any quick questions!,PENDING_APPROVAL,NOT_SENT,NOT_SENT,,,DUPLICATE,,2026-08-20T11:12:20.834391+00:00,2026-08-20T15:11:39.028448+00:00,Duplicate of 'Test Business 3' (ID: 63ef520757e5ced5) - Reason: High name similarity (93.33%) in same city (Vadodara)
a278ab488ef48a71,Vibes The Bistro,Fine dining restaurant,Vadodara,+91 87805 61962,contact1@vibesbistro.com,"2nd Floor, Aries Galleria, Vasna Rd, near Cafe Coffee Day, Niti Park Society, Shobhana Nagar, Shivashraya Society, Tandalja, Vadodara, Gujarat 390007, India",http://www.vibesthebistro.com/,NO_WEBSITE,100,HOT,"No Website (+40), Has Phone (+15), Has Email (+10), Target Category 'Fine dining restaurant' (+10), Rating 4.8⭐ w/ 662 reviews (+15)",http://localhost:8000/preview/vibes-the-bistro-vadodara,READY,"Subject: Quick question re: Vibes The Bistro

Hi Vibes The Bistro team,

I came across Vibes The Bistro in Vadodara and was impressed by your reviews. I noticed you don't have an official website yet.

I put together a quick website preview for you: http://localhost:8000/preview/vibes-the-bistro-vadodara

Would you be open to a 2-minute chat this week to take a look?

Best regards,
Abhishek",Hi Vibes The Bistro team! Following up on the website preview I shared earlier (http://localhost:8000/preview/vibes-the-bistro-vadodara). Did you get a chance to take a look? Would love to answer any quick questions!,PENDING_APPROVAL,DRY_RUN_SENT,DRY_RUN_SENT,,,PENDING_APPROVAL,https://serpapi.com/search.json?engine=google_maps&google_domain=google.com&hl=en&place_id=ChIJbYJkROHHXzkRwr5qxOivi0Q,2026-08-20T10:40:55.513062+00:00,2026-08-20T15:11:39.514948+00:00,
3b496a2473b497d5,Candle Light Date N Dinner & Rooftop Restaurant Vadodara,Restaurant,Vadodara,+91 70691 15511,contact2@vibesbistro.com,"5th Floor, 504, Samanvay Westbreeze, opp. Anand Hospital, Laxmipura, Gotri, Vadodara, Gujarat 390021, India",https://instagram.com/candlelightvadodara,SOCIAL_ONLY,100,HOT,"Social Only (+30), Has Phone (+15), Has Email (+10), Target Category 'Restaurant' (+10), Rating 4.8⭐ w/ 1330 reviews (+15)",http://localhost:8000/preview/candle-light-date-n-dinner-rooftop-restaurant-vadodara-vadodara,READY,"Subject: Quick thought for Candle Light Date N Dinner & Rooftop Restaurant Vadodara

Hi Candle Light Date N Dinner & Rooftop Restaurant Vadodara team,

Loved seeing your updates on Instagram! A dedicated website could help customers find you faster and book directly.

I designed a clean website preview tailored for Candle Light Date N Dinner & Rooftop Restaurant Vadodara: http://localhost:8000/preview/candle-light-date-n-dinner-rooftop-restaurant-vadodara-vadodara

Could we connect for 2 minutes this week?

Best regards,
Abhishek",Hi Candle Light Date N Dinner & Rooftop Restaurant Vadodara team! Following up on the website preview I shared earlier (http://localhost:8000/preview/candle-light-date-n-dinner-rooftop-restaurant-vadodara-vadodara). Did you get a chance to take a look? Would love to answer any quick questions!,PENDING_APPROVAL,DRY_RUN_SENT,DRY_RUN_SENT,,,PENDING_APPROVAL,https://serpapi.com/search.json?engine=google_maps&google_domain=google.com&hl=en&place_id=ChIJYQqx1WzJXzkRpqhEwSV0WaQ,2026-08-20T10:40:55.500153+00:00,2026-08-20T15:11:39.726335+00:00,
7f130ad5a80ad9f8,Sakura Pan Asian Cuisine,Fine dining restaurant,Vadodara,+91 85112 26544,,"4th Floor, Tower C Neptune Trion, Sarabhai campus, Subhanpura, Vadodara, Gujarat 390007, India",https://justdial.com/vadodara/sakurapanasian,DIRECTORY_ONLY,85,HOT,"Directory Only (+28), Has Phone (+15), Target Category 'Fine dining restaurant' (+10), Rating 4.7⭐ w/ 821 reviews (+15)",http://localhost:8000/preview/sakura-pan-asian-cuisine-vadodara,READY,"Subject: Website concept for Sakura Pan Asian Cuisine

Hi Sakura Pan Asian Cuisine team,

I came across Sakura Pan Asian Cuisine in Vadodara. Upgrading your web experience can help turn online searches into loyal customers.

Here is a quick concept preview: http://localhost:8000/preview/sakura-pan-asian-cuisine-vadodara

Would you be free for a 2-minute chat this week?

Best regards,
Abhishek",Hi Sakura Pan Asian Cuisine team! I built a quick web preview for Sakura Pan Asian Cuisine here: {DEMO_URL}. Would you be open to a quick 2-minute feedback call?,PENDING_APPROVAL,NOT_SENT,NOT_SENT,,,PENDING_APPROVAL,https://serpapi.com/search.json?engine=google_maps&google_domain=google.com&hl=en&place_id=ChIJm6XjSf3JXzkRXwJwPLWWtqc,2026-08-20T10:40:55.484205+00:00,2026-08-20T15:11:39.931395+00:00,
7e1c5b771c221246,Jassi De Parathe,Punjabi restaurant,Vadodara,+91 99788 81313,contact3@vibesbistro.com,"Panorama Complex, 1, RC Dutt Rd, Opp Welcome Hotel, Alkapuri, Vadodara, Gujarat 390007, India",http://broken-jassideparathe.com,BROKEN_WEBSITE,100,HOT,"Broken Website (+35), Has Phone (+15), Target Category 'Punjabi restaurant' (+10), Rating 4.4⭐ w/ 11862 reviews (+15)",,READY,"Subject: Site issue for Jassi De Parathe?

Hi Jassi De Parathe team,

I tried visiting your site today and noticed it seems to be down for Jassi De Parathe in Vadodara.

I created a fresh design preview to get your web presence back online: {DEMO_URL}

Would you have 2 minutes to take a look?

Best regards,
Abhishek",Hi Jassi De Parathe team! Following up on the website preview I shared earlier (None). Did you get a chance to take a look? Would love to answer any quick questions!,PENDING_APPROVAL,DRY_RUN_SENT,DRY_RUN_SENT,,,PENDING_APPROVAL,https://serpapi.com/search.json?engine=google_maps&google_domain=google.com&hl=en&place_id=ChIJCc0xErvIXzkRucLZNFsskYc,2026-08-20T10:40:55.470627+00:00,2026-08-20T15:11:40.120710+00:00,
9f6aad21d5fc3dc8,The House of Makeba - Veg Family Dining Restaurant in Vadodara,Vegetarian restaurant,Vadodara,+91 92650 28703,,"Shop 1 & 2, near CH Jewellers, near Old HDFC Bank, Alkapuri, Vadodara, Gujarat 390007, India",https://www.thehouseofmakeba.com/location/alkapuri-vadodara,VALID_WEBSITE,85,HOT,"Valid Website (+0), Has Phone (+15), Target Category 'Vegetarian restaurant' (+10), Rating 4.6⭐ w/ 1021 reviews (+15)",,READY,"Subject: Website concept for The House of Makeba - Veg Family Dining Restaurant in Vadodara

Hi The House of Makeba - Veg Family Dining Restaurant in Vadodara team,

I came across The House of Makeba - Veg Family Dining Restaurant in Vadodara in Vadodara. Upgrading your web experience can help turn online searches into loyal customers.

Here is a quick concept preview: {DEMO_URL}

Would you be free for a 2-minute chat this week?

Best regards,
Abhishek","Hi The House of Makeba - Veg Family Dining Restaurant in Vadodara team, following up on our web concept demo: None!",PENDING_APPROVAL,NOT_SENT,DRY_RUN_SENT,,,PENDING_APPROVAL,https://serpapi.com/search.json?engine=google_maps&google_domain=google.com&hl=en&place_id=ChIJTUpOZIjJXzkR0oWrkMyN9mE,2026-08-20T10:40:55.455936+00:00,2026-08-20T15:11:40.620380+00:00,
f9adc29d29de1f08,Apex Dental Care,Dental Clinic,Austin,+15125550199,,,https://apexdentalcare.com,,25,LOW,"Has Phone (+15), Target Category 'Dental Clinic' (+10)",http://localhost:8000/preview/apex-dental-care-austin,READY,"Subject: Website concept for Apex Dental Care

Hi Apex Dental Care team,

I came across Apex Dental Care in Austin. Upgrading your web experience can help turn online searches into loyal customers.

Here is a quick concept preview: http://localhost:8000/preview/apex-dental-care-austin

Would you be free for a 2-minute chat this week?

Best regards,
Abhishek",Hi Apex Dental Care team! Following up on the website preview I shared earlier (http://localhost:8000/preview/apex-dental-care-austin). Did you get a chance to take a look? Would love to answer any quick questions!,PENDING_APPROVAL,NOT_SENT,NOT_SENT,,,PENDING_APPROVAL,,2026-08-20T10:38:17.048399+00:00,2026-08-20T12:16:19.168537+00:00,
